,n_pos,n_neg,n_ppos,n_pneg,TPR,TNR,FPR,FNR,FDR,FOR,SP,EO,ACC
All,1508,343,1724.0,127.0,0.97214854,0.24781342,0.7521866,0.027851459,0.14965197,0.33070865,0.93138844,0.97214854,0.83792543
Non-White,944,276,1109.0,111.0,0.9618644,0.27173913,0.7282609,0.038135592,0.18124436,0.3243243,0.9090164,0.9618644,0.80573773
White,564,67,615.0,16.0,0.9893617,0.14925373,0.8507463,0.010638298,0.09268293,0.375,0.9746434,0.9893617,0.90015846
