,n_pos,n_neg,n_ppos,n_pneg,TPR,TNR,FPR,FNR,FDR,FOR,SP,EO,ACC
All,2012,458,2246.0,220.0,0.96119404,0.3114035,0.6885965,0.03880597,0.1398041,0.35454544,0.9093117,0.9602386,0.8410381
Non-White,1260,369,1439.0,187.0,0.95469,0.35326087,0.6467391,0.045310017,0.16539264,0.30481285,0.883364,0.9531746,0.8185732
White,752,89,807.0,33.0,0.97207445,0.13636364,0.8636364,0.027925532,0.09417596,0.6363636,0.95957196,0.97207445,0.8845238
